{
	"description": "项目配置文件",
	"packOptions": {
		"ignore": []
	},
	"setting": {
		"urlCheck": true,
		"es6": true,
		"postcss": true,
		"preloadBackgroundData": false,
		"minified": true,
		"newFeature": true,
		"coverView": true,
		"autoAudits": false,
		"showShadowRootInWxmlPanel": true,
		"scopeDataCheck": false,
		"checkInvalidKey": true,
		"checkSiteMap": true,
		"uploadWithSourceMap": true,
		"babelSetting": {
			"ignore": [],
			"disablePlugins": [],
			"outputPath": ""
		}
	},
	"compileType": "miniprogram",
	"libVersion": "2.10.4",
	"appid": "wx110db91794f68b40",
	"projectname": "Student2",
	"debugOptions": {
		"hidedInDevtools": []
	},
	"isGameTourist": false,
	"simulatorType": "wechat",
	"simulatorPluginLibVersion": {},
	"condition": {
		"search": {
			"current": -1,
			"list": []
		},
		"conversation": {
			"current": -1,
			"list": []
		},
		"plugin": {
			"current": -1,
			"list": []
		},
		"game": {
			"currentL": -1,
			"list": []
		},
		"gamePlugin": {
			"current": -1,
			"list": []
		},
		"miniprogram": {
			"current": -1,
			"list": [
				{
					"id": -1,
					"name": "登录",
					"pathName": "pages/login/login",
					"query": "",
					"scene": null
				},
				{
					"id": -1,
					"name": "授权",
					"pathName": "pages/llogin",
					"query": "",
					"scene": null
				},
				{
					"id": 2,
					"name": "我的",
					"pathName": "pages/my/my",
					"query": "",
					"scene": null
				},
				{
					"id": -1,
					"name": "套题",
					"pathName": "pages/questions/questions",
					"query": "",
					"scene": null
				},
				{
					"id": -1,
					"name": "单习题详情",
					"pathName": "pages/questions/questionOne",
					"query": "",
					"scene": null
				},
				{
					"id": -1,
					"name": "习题搜索",
					"pathName": "pages/index/searchOne",
					"query": "",
					"scene": null
				},
				{
					"id": -1,
					"name": "套题详情",
					"pathName": "pages/questions/questionList",
					"query": "",
					"scene": null
				},
				{
					"id": -1,
					"name": "成绩页面",
					"pathName": "pages/questions/result",
					"query": "",
					"scene": null
				},
				{
					"id": 8,
					"name": "我的收藏",
					"pathName": "pages/my/Collection/Collection",
					"query": "",
					"scene": null
				},
				{
					"id": 9,
					"name": "我的消息",
					"pathName": "pages/my/notice/notice",
					"query": "",
					"scene": null
				},
				{
					"id": -1,
					"name": "消息详情",
					"pathName": "pages/my/notice/noticeList",
					"query": "",
					"scene": null
				},
				{
					"id": -1,
					"name": "关注老师",
					"pathName": "pages/my/follow/teacher",
					"query": "",
					"scene": null
				},
				{
					"id": -1,
					"name": "圈子",
					"pathName": "pages/circle/circle",
					"query": "",
					"scene": null
				},
				{
					"id": -1,
					"name": "我的动态",
					"pathName": "pages/my/cicle/my_Cicle",
					"query": "",
					"scene": null
				},
				{
					"id": 14,
					"name": "新增动态",
					"pathName": "pages/circle/add_Circle/add_Circle",
					"query": "",
					"scene": null
				},
				{
					"id": 15,
					"name": "动态详情",
					"pathName": "pages/circle/details_Circle/details_Circle",
					"query": "",
					"scene": null
				},
				{
					"id": -1,
					"name": "更多评论",
					"pathName": "pages/circle/details_Circle/more_Comment/more_Comment",
					"query": "",
					"scene": null
				},
				{
					"id": -1,
					"name": "动态通知",
					"pathName": "pages/circle/notice_Circle/notice_Circle",
					"query": "",
					"scene": null
				},
				{
					"id": -1,
					"name": "问题评论",
					"pathName": "pages/index/question_comment/question_comment",
					"scene": null
				}
			]
		}
	}
}